,img_path
0,1/000005.jpg
1,1/000006.jpg
2,1/000007.jpg
3,1/000023.jpg
4,1/000029.jpg
5,1/000033.jpg
6,1/000036.jpg
7,1/000039.jpg
8,1/000045.jpg
9,1/000064.jpg
10,1/000073.jpg
11,1/000075.jpg
12,1/000080.jpg
13,1/000083.jpg
14,1/000086.jpg
15,10/000746.jpg
16,10/000747.jpg
17,10/000754.jpg
18,10/000759.jpg
19,10/000761.jpg
20,10/000762.jpg
21,10/000763.jpg
22,10/000767.jpg
23,10/000770.jpg
24,10/000783.jpg
25,10/000784.jpg
26,10/000785.jpg
27,10/000789.jpg
28,10/000790.jpg
29,10/000797.jpg
30,10/000801.jpg
31,10/000808.jpg
32,100/008130.jpg
33,100/008140.jpg
34,100/008155.jpg
35,100/008156.jpg
36,100/008158.jpg
37,100/008160.jpg
38,100/008164.jpg
39,100/008166.jpg
40,100/008173.jpg
41,100/008174.jpg
42,100/008175.jpg
43,101/008177.jpg
44,101/008178.jpg
45,101/008186.jpg
46,101/008187.jpg
47,101/008194.jpg
48,101/008195.jpg
49,101/008201.jpg
50,101/008203.jpg
51,101/008204.jpg
52,101/008209.jpg
53,101/008210.jpg
54,101/008223.jpg
55,101/008227.jpg
56,101/008228.jpg
57,101/008229.jpg
58,101/008237.jpg
59,101/008241.jpg
60,101/008243.jpg
61,101/008252.jpg
62,101/008255.jpg
63,101/008256.jpg
64,102/008261.jpg
65,102/008262.jpg
66,102/008263.jpg
67,102/008268.jpg
68,102/008271.jpg
69,102/008276.jpg
70,102/008279.jpg
71,102/008290.jpg
72,102/008297.jpg
73,102/008298.jpg
74,102/008300.jpg
75,102/008303.jpg
76,102/008309.jpg
77,102/008314.jpg
78,102/008323.jpg
79,102/008327.jpg
80,103/008339.jpg
81,103/008340.jpg
82,103/008342.jpg
83,103/008346.jpg
84,103/008349.jpg
85,103/008351.jpg
86,103/008352.jpg
87,103/008360.jpg
88,103/008361.jpg
89,103/008362.jpg
90,103/008363.jpg
91,103/008370.jpg
92,103/008374.jpg
93,103/008378.jpg
94,103/008383.jpg
95,103/008402.jpg
96,103/008403.jpg
97,103/008414.jpg
98,104/008425.jpg
99,104/008433.jpg
100,104/008434.jpg
101,104/008437.jpg
102,104/008439.jpg
103,104/008445.jpg
104,104/008457.jpg
105,104/008461.jpg
106,104/008465.jpg
107,104/008471.jpg
108,104/008475.jpg
109,104/008482.jpg
110,104/008488.jpg
111,104/008489.jpg
112,105/008506.jpg
113,105/008507.jpg
114,105/008508.jpg
115,105/008516.jpg
116,105/008528.jpg
117,105/008529.jpg
118,105/008530.jpg
119,105/008541.jpg
120,105/008543.jpg
121,105/008549.jpg
122,105/008550.jpg
123,105/008554.jpg
124,105/008555.jpg
125,105/008559.jpg
126,105/008560.jpg
127,105/008565.jpg
128,105/008568.jpg
129,105/008573.jpg
130,105/008574.jpg
131,105/008575.jpg
132,105/008580.jpg
133,105/008582.jpg
134,105/008584.jpg
135,106/008590.jpg
136,106/008591.jpg
137,106/008594.jpg
138,106/008597.jpg
139,106/008599.jpg
140,106/008609.jpg
141,106/008614.jpg
142,106/008617.jpg
143,106/008618.jpg
144,106/008619.jpg
145,106/008621.jpg
146,106/008629.jpg
147,106/008640.jpg
148,106/008642.jpg
149,106/008644.jpg
150,106/008657.jpg
151,106/008658.jpg
152,106/008660.jpg
153,106/008669.jpg
154,107/008679.jpg
155,107/008683.jpg
156,107/008689.jpg
157,107/008690.jpg
158,107/008691.jpg
159,107/008716.jpg
160,107/008718.jpg
161,107/008722.jpg
162,107/008731.jpg
163,107/008738.jpg
164,107/008739.jpg
165,107/008745.jpg
166,107/008747.jpg
167,107/008748.jpg
168,107/008751.jpg
169,107/008752.jpg
170,107/008756.jpg
171,107/008759.jpg
172,107/008761.jpg
173,108/008768.jpg
174,108/008775.jpg
175,108/008777.jpg
176,108/008780.jpg
177,108/008782.jpg
178,108/008795.jpg
179,108/008802.jpg
180,108/008806.jpg
181,108/008807.jpg
182,108/008809.jpg
183,108/008812.jpg
184,108/008813.jpg
185,108/008814.jpg
186,108/008817.jpg
187,108/008818.jpg
188,108/008822.jpg
189,108/008826.jpg
190,108/008835.jpg
191,108/008836.jpg
192,108/008837.jpg
193,108/008842.jpg
194,109/008852.jpg
195,109/008854.jpg
196,109/008861.jpg
197,109/008866.jpg
198,109/008873.jpg
199,109/008876.jpg
200,109/008877.jpg
201,109/008879.jpg
202,109/008887.jpg
203,109/008896.jpg
204,109/008898.jpg
205,109/008904.jpg
206,109/008914.jpg
207,109/008919.jpg
208,109/008925.jpg
209,109/008928.jpg
210,11/000814.jpg
211,11/000819.jpg
212,11/000820.jpg
213,11/000824.jpg
214,11/000831.jpg
215,11/000836.jpg
216,11/000837.jpg
217,11/000849.jpg
218,11/000856.jpg
219,11/000860.jpg
220,11/000867.jpg
221,11/000875.jpg
222,11/000877.jpg
223,11/000880.jpg
224,110/008939.jpg
225,110/008949.jpg
226,110/008953.jpg
227,110/008956.jpg
228,110/008957.jpg
229,110/008969.jpg
230,110/008970.jpg
231,110/008973.jpg
232,110/008982.jpg
233,110/008983.jpg
234,110/008992.jpg
235,110/008996.jpg
236,110/008999.jpg
237,110/009003.jpg
238,110/009010.jpg
239,110/009019.jpg
240,111/009026.jpg
241,111/009033.jpg
242,111/009035.jpg
243,111/009038.jpg
244,111/009039.jpg
245,111/009042.jpg
246,111/009044.jpg
247,111/009046.jpg
248,111/009054.jpg
249,111/009056.jpg
250,111/009057.jpg
251,111/009062.jpg
252,111/009065.jpg
253,111/009076.jpg
254,111/009080.jpg
255,111/009085.jpg
256,111/009096.jpg
257,111/009103.jpg
258,111/009104.jpg
259,111/009106.jpg
260,112/009121.jpg
261,112/009126.jpg
262,112/009130.jpg
263,112/009132.jpg
264,112/009135.jpg
265,112/009156.jpg
266,112/009161.jpg
267,112/009167.jpg
268,112/009168.jpg
269,112/009170.jpg
270,112/009171.jpg
271,112/009174.jpg
272,112/009175.jpg
273,112/009176.jpg
274,112/009179.jpg
275,112/009180.jpg
276,112/009186.jpg
277,112/009189.jpg
278,112/009191.jpg
279,112/009194.jpg
280,113/009200.jpg
281,113/009205.jpg
282,113/009207.jpg
283,113/009211.jpg
284,113/009215.jpg
285,113/009217.jpg
286,113/009239.jpg
287,113/009241.jpg
288,113/009244.jpg
289,113/009250.jpg
290,113/009256.jpg
291,113/009259.jpg
292,113/009277.jpg
293,113/009280.jpg
294,114/009288.jpg
295,114/009293.jpg
296,114/009303.jpg
297,114/009308.jpg
298,114/009311.jpg
299,114/009312.jpg
300,114/009315.jpg
301,114/009338.jpg
302,114/009341.jpg
303,114/009342.jpg
304,114/009345.jpg
305,114/009354.jpg
306,114/009361.jpg
307,115/009378.jpg
308,115/009384.jpg
309,115/009385.jpg
310,115/009392.jpg
311,115/009397.jpg
312,115/009399.jpg
313,115/009401.jpg
314,115/009403.jpg
315,115/009412.jpg
316,115/009415.jpg
317,115/009416.jpg
318,115/009420.jpg
319,115/009422.jpg
320,115/009423.jpg
321,115/009424.jpg
322,115/009427.jpg
323,115/009434.jpg
324,115/009436.jpg
325,115/009444.jpg
326,115/009448.jpg
327,115/009453.jpg
328,115/009457.jpg
329,116/009474.jpg
330,116/009476.jpg
331,116/009478.jpg
332,116/009480.jpg
333,116/009483.jpg
334,116/009489.jpg
335,116/009494.jpg
336,116/009501.jpg
337,116/009505.jpg
338,116/009507.jpg
339,116/009512.jpg
340,116/009517.jpg
341,116/009523.jpg
342,116/009528.jpg
343,116/009534.jpg
344,117/009540.jpg
345,117/009541.jpg
346,117/009555.jpg
347,117/009563.jpg
348,117/009564.jpg
349,117/009584.jpg
350,117/009589.jpg
351,117/009593.jpg
352,117/009594.jpg
353,117/009599.jpg
354,117/009610.jpg
355,117/009611.jpg
356,117/009618.jpg
357,117/009619.jpg
358,118/009628.jpg
359,118/009635.jpg
360,118/009640.jpg
361,118/009649.jpg
362,118/009664.jpg
363,118/009668.jpg
364,118/009669.jpg
365,118/009685.jpg
366,118/009689.jpg
367,118/009693.jpg
368,118/009697.jpg
369,118/009699.jpg
370,118/009705.jpg
371,118/009707.jpg
372,119/009709.jpg
373,119/009710.jpg
374,119/009726.jpg
375,119/009732.jpg
376,119/009735.jpg
377,119/009737.jpg
378,119/009747.jpg
379,119/009748.jpg
380,119/009752.jpg
381,119/009763.jpg
382,119/009764.jpg
383,119/009769.jpg
384,119/009771.jpg
385,119/009772.jpg
386,119/009773.jpg
387,119/010029.jpg
388,119/010031.jpg
389,119/010040.jpg
390,119/010043.jpg
391,119/010046.jpg
392,119/010048.jpg
393,119/010060.jpg
394,119/010066.jpg
395,119/010069.jpg
396,119/010074.jpg
397,119/010080.jpg
398,119/010082.jpg
399,119/010086.jpg
400,119/010088.jpg
401,119/010089.jpg
402,119/010092.jpg
403,119/010094.jpg
404,119/010096.jpg
405,12/000887.jpg
406,12/000888.jpg
407,12/000909.jpg
408,12/000911.jpg
409,12/000921.jpg
410,12/000922.jpg
411,12/000926.jpg
412,12/000928.jpg
413,12/000931.jpg
414,12/000932.jpg
415,12/000937.jpg
416,12/000939.jpg
417,12/000942.jpg
418,12/000948.jpg
419,120/009788.jpg
420,120/009792.jpg
421,120/009797.jpg
422,120/009799.jpg
423,120/009801.jpg
424,120/009806.jpg
425,120/009808.jpg
426,120/009815.jpg
427,120/009816.jpg
428,120/009826.jpg
429,120/009842.jpg
430,120/009848.jpg
431,120/009849.jpg
432,120/009850.jpg
433,120/009852.jpg
434,121/009859.jpg
435,121/009860.jpg
436,121/009864.jpg
437,121/009877.jpg
438,121/009879.jpg
439,121/009881.jpg
440,121/009894.jpg
441,121/009900.jpg
442,121/009903.jpg
443,121/009917.jpg
444,121/009918.jpg
445,121/009919.jpg
446,121/009922.jpg
447,121/009932.jpg
448,121/009936.jpg
449,121/009938.jpg
450,121/009942.jpg
451,121/009943.jpg
452,121/009945.jpg
453,121/009946.jpg
454,122/009959.jpg
455,122/009962.jpg
456,122/009977.jpg
457,122/009981.jpg
458,122/009983.jpg
459,122/009988.jpg
460,122/009993.jpg
461,122/009998.jpg
462,122/010000.jpg
463,122/010002.jpg
464,122/010007.jpg
465,122/010008.jpg
466,122/010009.jpg
467,122/010011.jpg
468,122/010021.jpg
469,123/010099.jpg
470,123/010104.jpg
471,123/010111.jpg
472,123/010117.jpg
473,123/010122.jpg
474,123/010126.jpg
475,123/010127.jpg
476,123/010136.jpg
477,123/010137.jpg
478,123/010142.jpg
479,123/010153.jpg
480,123/010155.jpg
481,123/010161.jpg
482,123/010162.jpg
483,123/010168.jpg
484,123/010170.jpg
485,123/010173.jpg
486,123/010178.jpg
487,123/010179.jpg
488,123/010183.jpg
489,123/010184.jpg
490,124/010191.jpg
491,124/010197.jpg
492,124/010203.jpg
493,124/010204.jpg
494,124/010205.jpg
495,124/010207.jpg
496,124/010209.jpg
497,124/010216.jpg
498,124/010217.jpg
499,124/010222.jpg
500,124/010225.jpg
501,124/010228.jpg
502,124/010235.jpg
503,124/010236.jpg
504,124/010240.jpg
505,124/010243.jpg
506,124/010248.jpg
507,124/010250.jpg
508,124/010256.jpg
509,124/010258.jpg
510,125/010269.jpg
511,125/010271.jpg
512,125/010287.jpg
513,125/010321.jpg
514,125/010325.jpg
515,125/010330.jpg
516,125/010334.jpg
517,125/010343.jpg
518,126/010364.jpg
519,126/010370.jpg
520,126/010379.jpg
521,126/010380.jpg
522,126/010383.jpg
523,126/010384.jpg
524,126/010386.jpg
525,126/010387.jpg
526,126/010399.jpg
527,126/010406.jpg
528,126/010409.jpg
529,126/010411.jpg
530,126/010412.jpg
531,126/010414.jpg
532,126/010426.jpg
533,126/010427.jpg
534,126/010429.jpg
535,126/010431.jpg
536,127/010447.jpg
537,127/010449.jpg
538,127/010453.jpg
539,127/010456.jpg
540,127/010461.jpg
541,127/010462.jpg
542,127/010470.jpg
543,127/010472.jpg
544,127/010480.jpg
545,127/010483.jpg
546,127/010490.jpg
547,127/010493.jpg
548,127/010496.jpg
549,127/010503.jpg
550,127/010508.jpg
551,127/010517.jpg
552,128/010518.jpg
553,128/010528.jpg
554,128/010535.jpg
555,128/010536.jpg
556,128/010538.jpg
557,128/010542.jpg
558,128/010545.jpg
559,128/010546.jpg
560,128/010547.jpg
561,128/010548.jpg
562,128/010551.jpg
563,128/010554.jpg
564,128/010557.jpg
565,128/010568.jpg
566,128/010574.jpg
567,128/010575.jpg
568,128/010586.jpg
569,128/010590.jpg
570,128/010593.jpg
571,129/010596.jpg
572,129/010599.jpg
573,129/010600.jpg
574,129/010601.jpg
575,129/010606.jpg
576,129/010608.jpg
577,129/010609.jpg
578,129/010615.jpg
579,129/010617.jpg
580,129/010618.jpg
581,129/010619.jpg
582,129/010625.jpg
583,129/010641.jpg
584,129/010662.jpg
585,129/010663.jpg
586,129/010667.jpg
587,129/010668.jpg
588,129/010669.jpg
589,13/000960.jpg
590,13/000961.jpg
591,13/000963.jpg
592,13/000966.jpg
593,13/000970.jpg
594,13/000979.jpg
595,13/000980.jpg
596,13/000986.jpg
597,13/000988.jpg
598,13/000989.jpg
599,13/001000.jpg
600,13/001002.jpg
601,13/001005.jpg
602,13/001009.jpg
603,13/001024.jpg
604,13/001026.jpg
605,13/001029.jpg
606,13/001031.jpg
607,13/001032.jpg
608,13/001035.jpg
609,13/001038.jpg
610,13/001039.jpg
611,130/010675.jpg
612,130/010681.jpg
613,130/010682.jpg
614,130/010697.jpg
615,130/010699.jpg
616,130/010703.jpg
617,130/010705.jpg
618,130/010706.jpg
619,130/010709.jpg
620,130/010711.jpg
621,130/010714.jpg
622,130/010720.jpg
623,130/010722.jpg
624,130/010728.jpg
625,130/010730.jpg
626,130/010734.jpg
627,130/010735.jpg
628,130/010737.jpg
629,130/010738.jpg
630,130/010739.jpg
631,130/010740.jpg
632,130/010741.jpg
633,130/010743.jpg
634,130/010747.jpg
635,131/010756.jpg
636,131/010762.jpg
637,131/010766.jpg
638,131/010774.jpg
639,131/010781.jpg
640,131/010788.jpg
641,131/010795.jpg
642,131/010796.jpg
643,131/010801.jpg
644,131/010810.jpg
645,131/010812.jpg
646,131/010819.jpg
647,131/010821.jpg
648,131/010823.jpg
649,131/010829.jpg
650,132/010856.jpg
651,132/010868.jpg
652,132/010869.jpg
653,132/010876.jpg
654,132/010882.jpg
655,132/010884.jpg
656,132/010900.jpg
657,132/010904.jpg
658,132/010910.jpg
659,132/010913.jpg
660,132/010915.jpg
661,132/010925.jpg
662,133/010927.jpg
663,133/010940.jpg
664,133/010947.jpg
665,133/010951.jpg
666,133/010954.jpg
667,133/010955.jpg
668,133/010971.jpg
669,133/010972.jpg
670,133/010973.jpg
671,133/010977.jpg
672,133/010981.jpg
673,133/010985.jpg
674,133/010988.jpg
675,133/010991.jpg
676,133/011007.jpg
677,134/011025.jpg
678,134/011029.jpg
679,134/011036.jpg
680,134/011037.jpg
681,134/011047.jpg
682,134/011055.jpg
683,134/011063.jpg
684,134/011066.jpg
685,134/011075.jpg
686,135/011077.jpg
687,135/011085.jpg
688,135/011096.jpg
689,135/011097.jpg
690,135/011098.jpg
691,135/011100.jpg
692,135/011104.jpg
693,135/011114.jpg
694,135/011115.jpg
695,135/011117.jpg
696,135/011121.jpg
697,135/011123.jpg
698,135/011124.jpg
699,135/011129.jpg
700,135/011130.jpg
701,135/011131.jpg
702,135/011147.jpg
703,135/011151.jpg
704,136/011163.jpg
705,136/011172.jpg
706,136/011173.jpg
707,136/011179.jpg
708,136/011185.jpg
709,136/011189.jpg
710,136/011196.jpg
711,136/011198.jpg
712,136/011205.jpg
713,137/011213.jpg
714,137/011215.jpg
715,137/011221.jpg
716,137/011222.jpg
717,137/011223.jpg
718,137/011229.jpg
719,137/011240.jpg
720,137/011244.jpg
721,137/011249.jpg
722,137/011250.jpg
723,137/011255.jpg
724,137/011256.jpg
725,137/011267.jpg
726,137/011268.jpg
727,137/011276.jpg
728,137/011280.jpg
729,137/011282.jpg
730,137/011287.jpg
731,137/011288.jpg
732,137/011289.jpg
733,137/011292.jpg
734,138/011300.jpg
735,138/011301.jpg
736,138/011302.jpg
737,138/011306.jpg
738,138/011316.jpg
739,138/011324.jpg
740,138/011327.jpg
741,138/011328.jpg
742,138/011334.jpg
743,138/011335.jpg
744,138/011336.jpg
745,138/011349.jpg
746,138/011355.jpg
747,138/011356.jpg
748,138/011363.jpg
749,138/011368.jpg
750,139/011384.jpg
751,139/011385.jpg
752,139/011390.jpg
753,139/011393.jpg
754,139/011395.jpg
755,139/011398.jpg
756,139/011399.jpg
757,139/011411.jpg
758,139/011413.jpg
759,139/011415.jpg
760,139/011418.jpg
761,139/011419.jpg
762,139/011421.jpg
763,139/011428.jpg
764,139/011429.jpg
765,139/011430.jpg
766,139/011433.jpg
767,139/011453.jpg
768,14/001042.jpg
769,14/001046.jpg
770,14/001050.jpg
771,14/001060.jpg
772,14/001070.jpg
773,14/001078.jpg
774,14/001079.jpg
775,14/001085.jpg
776,14/001087.jpg
777,14/001090.jpg
778,14/001096.jpg
779,14/001101.jpg
780,14/001109.jpg
781,14/001111.jpg
782,14/001112.jpg
783,14/001114.jpg
784,14/001118.jpg
785,14/001119.jpg
786,14/001120.jpg
787,140/011467.jpg
788,140/011469.jpg
789,140/011470.jpg
790,140/011471.jpg
791,140/011473.jpg
792,140/011475.jpg
793,140/011483.jpg
794,140/011493.jpg
795,140/011495.jpg
796,140/011499.jpg
797,140/011520.jpg
798,140/011530.jpg
799,140/011533.jpg
800,140/011542.jpg
801,141/011545.jpg
802,141/011547.jpg
803,141/011552.jpg
804,141/011559.jpg
805,141/011567.jpg
806,141/011568.jpg
807,141/011570.jpg
808,141/011572.jpg
809,141/011577.jpg
810,141/011582.jpg
811,141/011585.jpg
812,141/011592.jpg
813,141/011602.jpg
814,141/011610.jpg
815,142/011618.jpg
816,142/011622.jpg
817,142/011628.jpg
818,142/011652.jpg
819,142/011656.jpg
820,142/011668.jpg
821,142/011669.jpg
822,142/011674.jpg
823,142/011675.jpg
824,143/011677.jpg
825,143/011708.jpg
826,143/011710.jpg
827,143/011715.jpg
828,143/011716.jpg
829,143/011719.jpg
830,143/011743.jpg
831,143/011745.jpg
832,143/011746.jpg
833,143/011747.jpg
834,143/011750.jpg
835,143/011751.jpg
836,143/011752.jpg
837,143/011755.jpg
838,144/011758.jpg
839,144/011765.jpg
840,144/011769.jpg
841,144/011775.jpg
842,144/011776.jpg
843,144/011778.jpg
844,144/011779.jpg
845,144/011787.jpg
846,144/011800.jpg
847,144/011805.jpg
848,144/011806.jpg
849,144/011810.jpg
850,144/011812.jpg
851,144/011814.jpg
852,144/011816.jpg
853,144/011817.jpg
854,144/011818.jpg
855,144/011820.jpg
856,144/011821.jpg
857,144/011823.jpg
858,144/011827.jpg
859,144/011832.jpg
860,144/011834.jpg
861,144/011842.jpg
862,144/011846.jpg
863,145/011850.jpg
864,145/011855.jpg
865,145/011866.jpg
866,145/011871.jpg
867,145/011872.jpg
868,145/011873.jpg
869,145/011874.jpg
870,145/011883.jpg
871,145/011884.jpg
872,145/011885.jpg
873,145/011892.jpg
874,145/011908.jpg
875,145/011909.jpg
876,145/011919.jpg
877,145/011921.jpg
878,145/011922.jpg
879,145/011925.jpg
880,145/011926.jpg
881,145/011928.jpg
882,145/011929.jpg
883,145/011934.jpg
884,145/011936.jpg
885,146/011939.jpg
886,146/011941.jpg
887,146/011953.jpg
888,146/011957.jpg
889,146/011964.jpg
890,146/011991.jpg
891,146/011993.jpg
892,146/011994.jpg
893,146/011996.jpg
894,146/012003.jpg
895,146/012004.jpg
896,146/012008.jpg
897,146/012010.jpg
898,146/012019.jpg
899,146/012021.jpg
900,146/012022.jpg
901,147/012034.jpg
902,147/012035.jpg
903,147/012037.jpg
904,147/012042.jpg
905,147/012044.jpg
906,147/012045.jpg
907,147/012051.jpg
908,147/012060.jpg
909,147/012064.jpg
910,147/012066.jpg
911,147/012070.jpg
912,147/012073.jpg
913,147/012081.jpg
914,147/012084.jpg
915,147/012090.jpg
916,147/012100.jpg
917,147/012106.jpg
918,147/012108.jpg
919,148/012113.jpg
920,148/012115.jpg
921,148/012118.jpg
922,148/012123.jpg
923,148/012124.jpg
924,148/012129.jpg
925,148/012136.jpg
926,148/012138.jpg
927,148/012143.jpg
928,148/012149.jpg
929,148/012150.jpg
930,148/012155.jpg
931,148/012156.jpg
932,148/012157.jpg
933,148/012161.jpg
934,148/012167.jpg
935,148/012169.jpg
936,148/012174.jpg
937,148/012182.jpg
938,148/012183.jpg
939,148/012184.jpg
940,148/012188.jpg
941,148/012192.jpg
942,148/012199.jpg
943,149/012205.jpg
944,149/012215.jpg
945,149/012218.jpg
946,149/012220.jpg
947,149/012224.jpg
948,149/012232.jpg
949,149/012233.jpg
950,149/012236.jpg
951,149/012239.jpg
952,149/012243.jpg
953,149/012246.jpg
954,149/012249.jpg
955,149/012253.jpg
956,149/012261.jpg
957,149/012280.jpg
958,149/012282.jpg
959,149/012285.jpg
960,15/001126.jpg
961,15/001137.jpg
962,15/001151.jpg
963,15/001152.jpg
964,15/001154.jpg
965,15/001156.jpg
966,15/001162.jpg
967,15/001165.jpg
968,15/001171.jpg
969,15/001172.jpg
970,15/001173.jpg
971,15/001175.jpg
972,15/001178.jpg
973,15/001179.jpg
974,15/001183.jpg
975,15/001189.jpg
976,15/001191.jpg
977,15/001198.jpg
978,15/001207.jpg
979,15/001209.jpg
980,15/001210.jpg
981,150/012290.jpg
982,150/012297.jpg
983,150/012308.jpg
984,150/012311.jpg
985,150/012313.jpg
986,150/012315.jpg
987,150/012323.jpg
988,150/012324.jpg
989,150/012327.jpg
990,150/012330.jpg
991,150/012331.jpg
992,150/012334.jpg
993,150/012338.jpg
994,150/012346.jpg
995,150/012354.jpg
996,150/012356.jpg
997,150/012359.jpg
998,151/012367.jpg
999,151/012368.jpg
1000,151/012372.jpg
1001,151/012374.jpg
1002,151/012377.jpg
1003,151/012387.jpg
1004,151/012389.jpg
1005,151/012390.jpg
1006,151/012391.jpg
1007,151/012394.jpg
1008,151/012398.jpg
1009,151/012400.jpg
1010,151/012412.jpg
1011,151/012417.jpg
1012,151/012420.jpg
1013,151/012429.jpg
1014,151/012433.jpg
1015,152/012447.jpg
1016,152/012448.jpg
1017,152/012454.jpg
1018,152/012458.jpg
1019,152/012460.jpg
1020,152/012461.jpg
1021,152/012466.jpg
1022,152/012473.jpg
1023,152/012474.jpg
1024,152/012483.jpg
1025,152/012487.jpg
1026,152/012492.jpg
1027,152/012494.jpg
1028,152/012502.jpg
1029,152/012513.jpg
1030,152/012516.jpg
1031,152/012517.jpg
1032,153/012523.jpg
1033,153/012527.jpg
1034,153/012549.jpg
1035,153/012554.jpg
1036,153/012565.jpg
1037,153/012567.jpg
1038,153/012582.jpg
1039,153/012586.jpg
1040,153/012589.jpg
1041,153/012590.jpg
1042,153/012595.jpg
1043,153/012596.jpg
1044,153/012597.jpg
1045,153/012602.jpg
1046,154/012626.jpg
1047,154/012631.jpg
1048,154/012635.jpg
1049,154/012636.jpg
1050,154/012665.jpg
1051,154/012667.jpg
1052,154/012669.jpg
1053,154/012671.jpg
1054,154/012679.jpg
1055,154/012685.jpg
1056,154/012687.jpg
1057,155/012702.jpg
1058,155/012704.jpg
1059,155/012709.jpg
1060,155/012720.jpg
1061,155/012729.jpg
1062,155/012734.jpg
1063,155/012743.jpg
1064,155/012744.jpg
1065,155/012750.jpg
1066,155/012759.jpg
1067,155/012768.jpg
1068,155/012771.jpg
1069,155/012773.jpg
1070,156/012784.jpg
1071,156/012788.jpg
1072,156/012791.jpg
1073,156/012796.jpg
1074,156/012808.jpg
1075,156/012810.jpg
1076,156/012811.jpg
1077,156/012814.jpg
1078,156/012815.jpg
1079,156/012826.jpg
1080,156/012834.jpg
1081,156/012835.jpg
1082,156/012836.jpg
1083,156/012840.jpg
1084,156/012842.jpg
1085,156/012843.jpg
1086,156/012844.jpg
1087,156/012852.jpg
1088,157/012855.jpg
1089,157/012857.jpg
1090,157/012866.jpg
1091,157/012875.jpg
1092,157/012879.jpg
1093,157/012883.jpg
1094,157/012890.jpg
1095,157/012892.jpg
1096,157/012893.jpg
1097,157/012896.jpg
1098,157/012898.jpg
1099,157/012903.jpg
1100,157/012909.jpg
1101,157/012911.jpg
1102,157/012922.jpg
1103,158/012928.jpg
1104,158/012930.jpg
1105,158/012938.jpg
1106,158/012941.jpg
1107,158/012948.jpg
1108,158/012961.jpg
1109,158/012973.jpg
1110,158/012978.jpg
1111,159/012988.jpg
1112,159/012993.jpg
1113,159/012997.jpg
1114,159/013000.jpg
1115,159/013012.jpg
1116,159/013014.jpg
1117,159/013022.jpg
1118,159/013026.jpg
1119,159/013030.jpg
1120,159/013037.jpg
1121,159/013039.jpg
1122,159/013041.jpg
1123,159/013053.jpg
1124,159/013056.jpg
1125,159/013057.jpg
1126,16/001213.jpg
1127,16/001215.jpg
1128,16/001233.jpg
1129,16/001250.jpg
1130,16/001251.jpg
1131,16/001257.jpg
1132,16/001263.jpg
1133,16/001266.jpg
1134,16/001269.jpg
1135,16/001278.jpg
1136,16/001296.jpg
1137,16/001297.jpg
1138,160/013060.jpg
1139,160/013069.jpg
1140,160/013082.jpg
1141,160/013089.jpg
1142,160/013091.jpg
1143,160/013099.jpg
1144,160/013103.jpg
1145,160/013106.jpg
1146,160/013113.jpg
1147,160/013119.jpg
1148,160/013123.jpg
1149,160/013124.jpg
1150,160/013130.jpg
1151,160/013131.jpg
1152,160/013135.jpg
1153,160/013140.jpg
1154,161/013146.jpg
1155,161/013152.jpg
1156,161/013156.jpg
1157,161/013167.jpg
1158,161/013168.jpg
1159,161/013175.jpg
1160,161/013180.jpg
1161,161/013189.jpg
1162,161/013195.jpg
1163,161/013196.jpg
1164,161/013200.jpg
1165,161/013205.jpg
1166,161/013210.jpg
1167,161/013219.jpg
1168,161/013223.jpg
1169,161/013227.jpg
1170,162/013246.jpg
1171,162/013256.jpg
1172,162/013259.jpg
1173,162/013260.jpg
1174,162/013264.jpg
1175,162/013270.jpg
1176,162/013281.jpg
1177,162/013284.jpg
1178,162/013288.jpg
1179,162/013302.jpg
1180,162/013303.jpg
1181,162/013312.jpg
1182,162/013323.jpg
1183,163/013343.jpg
1184,163/013344.jpg
1185,163/013347.jpg
1186,163/013353.jpg
1187,163/013355.jpg
1188,163/013358.jpg
1189,163/013360.jpg
1190,163/013363.jpg
1191,163/013368.jpg
1192,163/013370.jpg
1193,163/013371.jpg
1194,163/013376.jpg
1195,163/013385.jpg
1196,163/013387.jpg
1197,163/013396.jpg
1198,163/013403.jpg
1199,163/013404.jpg
1200,164/013410.jpg
1201,164/013413.jpg
1202,164/013420.jpg
1203,164/013425.jpg
1204,164/013426.jpg
1205,164/013437.jpg
1206,164/013451.jpg
1207,164/013453.jpg
1208,164/013456.jpg
1209,164/013460.jpg
1210,164/013466.jpg
1211,164/013468.jpg
1212,164/013469.jpg
1213,164/013470.jpg
1214,164/013473.jpg
1215,164/013479.jpg
1216,164/013480.jpg
1217,164/013490.jpg
1218,165/013498.jpg
1219,165/013503.jpg
1220,165/013505.jpg
1221,165/013514.jpg
1222,165/013518.jpg
1223,165/013519.jpg
1224,165/013524.jpg
1225,165/013529.jpg
1226,165/013532.jpg
1227,165/013541.jpg
1228,165/013543.jpg
1229,165/013548.jpg
1230,165/013555.jpg
1231,165/013557.jpg
1232,165/013561.jpg
1233,165/013562.jpg
1234,165/013564.jpg
1235,165/013571.jpg
1236,165/013577.jpg
1237,165/013579.jpg
1238,166/013583.jpg
1239,166/013586.jpg
1240,166/013588.jpg
1241,166/013590.jpg
1242,166/013592.jpg
1243,166/013593.jpg
1244,166/013596.jpg
1245,166/013600.jpg
1246,166/013601.jpg
1247,166/013603.jpg
1248,166/013604.jpg
1249,166/013605.jpg
1250,166/013608.jpg
1251,166/013612.jpg
1252,166/013614.jpg
1253,166/013616.jpg
1254,166/013620.jpg
1255,166/013624.jpg
1256,166/013626.jpg
1257,166/013627.jpg
1258,166/013650.jpg
1259,166/013655.jpg
1260,166/013658.jpg
1261,166/013663.jpg
1262,167/013668.jpg
1263,167/013688.jpg
1264,167/013690.jpg
1265,167/013696.jpg
1266,167/013704.jpg
1267,167/013706.jpg
1268,167/013715.jpg
1269,167/013721.jpg
1270,167/013733.jpg
1271,167/013734.jpg
1272,167/013745.jpg
1273,167/013748.jpg
1274,167/013749.jpg
1275,168/013760.jpg
1276,168/013761.jpg
1277,168/013771.jpg
1278,168/013775.jpg
1279,168/013793.jpg
1280,168/013797.jpg
1281,168/013804.jpg
1282,168/013807.jpg
1283,168/013815.jpg
1284,168/013825.jpg
1285,168/013829.jpg
1286,168/013832.jpg
1287,168/013835.jpg
1288,168/013836.jpg
1289,168/013838.jpg
1290,169/013847.jpg
1291,169/013860.jpg
1292,169/013864.jpg
1293,169/013865.jpg
1294,169/013868.jpg
1295,169/013874.jpg
1296,169/013875.jpg
1297,169/013885.jpg
1298,169/013890.jpg
1299,169/013899.jpg
1300,169/013913.jpg
1301,17/001299.jpg
1302,17/001308.jpg
1303,17/001311.jpg
1304,17/001314.jpg
1305,17/001322.jpg
1306,17/001326.jpg
1307,17/001328.jpg
1308,17/001329.jpg
1309,17/001331.jpg
1310,17/001335.jpg
1311,17/001336.jpg
1312,17/001339.jpg
1313,17/001341.jpg
1314,17/001353.jpg
1315,17/001355.jpg
1316,17/001358.jpg
1317,17/001364.jpg
1318,17/001365.jpg
1319,17/001370.jpg
1320,17/001373.jpg
1321,17/001375.jpg
1322,17/001376.jpg
1323,170/013921.jpg
1324,170/013936.jpg
1325,170/013947.jpg
1326,170/013952.jpg
1327,170/013958.jpg
1328,170/013961.jpg
1329,170/013964.jpg
1330,170/013967.jpg
1331,170/013968.jpg
1332,170/013973.jpg
1333,170/013977.jpg
1334,170/013978.jpg
1335,170/013980.jpg
1336,170/013982.jpg
1337,170/013988.jpg
1338,170/013993.jpg
1339,170/013994.jpg
1340,170/013999.jpg
1341,170/014001.jpg
1342,170/014005.jpg
1343,171/014011.jpg
1344,171/014024.jpg
1345,171/014036.jpg
1346,171/014041.jpg
1347,171/014046.jpg
1348,171/014058.jpg
1349,171/014063.jpg
1350,171/014070.jpg
1351,171/014076.jpg
1352,172/014102.jpg
1353,172/014107.jpg
1354,172/014108.jpg
1355,172/014111.jpg
1356,172/014114.jpg
1357,172/014116.jpg
1358,172/014139.jpg
1359,172/014140.jpg
1360,172/014142.jpg
1361,172/014149.jpg
1362,172/014160.jpg
1363,172/014161.jpg
1364,172/014165.jpg
1365,172/014166.jpg
1366,172/014167.jpg
1367,172/014181.jpg
1368,172/014183.jpg
1369,172/014184.jpg
1370,173/014188.jpg
1371,173/014190.jpg
1372,173/014192.jpg
1373,173/014196.jpg
1374,173/014197.jpg
1375,173/014204.jpg
1376,173/014206.jpg
1377,173/014208.jpg
1378,173/014209.jpg
1379,173/014211.jpg
1380,173/014212.jpg
1381,173/014219.jpg
1382,173/014223.jpg
1383,173/014225.jpg
1384,173/014228.jpg
1385,173/014235.jpg
1386,173/014242.jpg
1387,173/014244.jpg
1388,173/014251.jpg
1389,173/014257.jpg
1390,173/014259.jpg
1391,173/014266.jpg
1392,173/014271.jpg
1393,173/014273.jpg
1394,173/014274.jpg
1395,174/014275.jpg
1396,174/014280.jpg
1397,174/014285.jpg
1398,174/014286.jpg
1399,174/014297.jpg
1400,174/014306.jpg
1401,174/014312.jpg
1402,174/014315.jpg
1403,174/014318.jpg
1404,174/014323.jpg
1405,174/014326.jpg
1406,174/014333.jpg
1407,174/014335.jpg
1408,174/014339.jpg
1409,174/014350.jpg
1410,174/014356.jpg
1411,175/014359.jpg
1412,175/014363.jpg
1413,175/014367.jpg
1414,175/014370.jpg
1415,175/014380.jpg
1416,175/014384.jpg
1417,175/014388.jpg
1418,175/014390.jpg
1419,175/014393.jpg
1420,175/014411.jpg
1421,176/014419.jpg
1422,176/014421.jpg
1423,176/014425.jpg
1424,176/014428.jpg
1425,176/014433.jpg
1426,176/014444.jpg
1427,176/014449.jpg
1428,176/014450.jpg
1429,176/014461.jpg
1430,176/014462.jpg
1431,176/014472.jpg
1432,176/014492.jpg
1433,177/014504.jpg
1434,177/014505.jpg
1435,177/014509.jpg
1436,177/014515.jpg
1437,177/014519.jpg
1438,177/014525.jpg
1439,177/014527.jpg
1440,177/014537.jpg
1441,177/014540.jpg
1442,177/014541.jpg
1443,177/014544.jpg
1444,177/014552.jpg
1445,177/014556.jpg
1446,177/014560.jpg
1447,177/014566.jpg
1448,177/014574.jpg
1449,178/014585.jpg
1450,178/014587.jpg
1451,178/014594.jpg
1452,178/014595.jpg
1453,178/014604.jpg
1454,178/014608.jpg
1455,178/014609.jpg
1456,178/014617.jpg
1457,178/014618.jpg
1458,178/014619.jpg
1459,178/014625.jpg
1460,178/014627.jpg
1461,178/014628.jpg
1462,178/014630.jpg
1463,178/014644.jpg
1464,178/014650.jpg
1465,178/014651.jpg
1466,179/014670.jpg
1467,179/014672.jpg
1468,179/014678.jpg
1469,179/014684.jpg
1470,179/014686.jpg
1471,179/014688.jpg
1472,179/014701.jpg
1473,179/014703.jpg
1474,179/014707.jpg
1475,179/014708.jpg
1476,179/014711.jpg
1477,179/014713.jpg
1478,179/014717.jpg
1479,179/014721.jpg
1480,179/014727.jpg
1481,179/014733.jpg
1482,179/014735.jpg
1483,179/014738.jpg
1484,179/014741.jpg
1485,179/014742.jpg
1486,179/014749.jpg
1487,179/014751.jpg
1488,18/001382.jpg
1489,18/001383.jpg
1490,18/001388.jpg
1491,18/001389.jpg
1492,18/001392.jpg
1493,18/001395.jpg
1494,18/001396.jpg
1495,18/001397.jpg
1496,18/001401.jpg
1497,18/001414.jpg
1498,18/001424.jpg
1499,18/001436.jpg
1500,18/001442.jpg
1501,18/001446.jpg
1502,18/001451.jpg
1503,18/001452.jpg
1504,18/001458.jpg
1505,180/014764.jpg
1506,180/014766.jpg
1507,180/014767.jpg
1508,180/014779.jpg
1509,180/014787.jpg
1510,180/014788.jpg
1511,180/014790.jpg
1512,180/014795.jpg
1513,180/014797.jpg
1514,180/014801.jpg
1515,180/014810.jpg
1516,180/014811.jpg
1517,180/014815.jpg
1518,180/014817.jpg
1519,180/014827.jpg
1520,180/014829.jpg
1521,180/014833.jpg
1522,180/014839.jpg
1523,180/014840.jpg
1524,181/014849.jpg
1525,181/014854.jpg
1526,181/014855.jpg
1527,181/014862.jpg
1528,181/014875.jpg
1529,181/014876.jpg
1530,181/014880.jpg
1531,181/014891.jpg
1532,181/014892.jpg
1533,181/014896.jpg
1534,181/014899.jpg
1535,181/014903.jpg
1536,181/014909.jpg
1537,182/014922.jpg
1538,182/014925.jpg
1539,182/014929.jpg
1540,182/014932.jpg
1541,182/014934.jpg
1542,182/014938.jpg
1543,182/014939.jpg
1544,182/014941.jpg
1545,182/014951.jpg
1546,182/014952.jpg
1547,182/014953.jpg
1548,182/014959.jpg
1549,182/014963.jpg
1550,182/014983.jpg
1551,182/014986.jpg
1552,182/014990.jpg
1553,182/014999.jpg
1554,183/015014.jpg
1555,183/015019.jpg
1556,183/015027.jpg
1557,183/015036.jpg
1558,183/015042.jpg
1559,183/015054.jpg
1560,183/015063.jpg
1561,183/015071.jpg
1562,183/015073.jpg
1563,183/015074.jpg
1564,183/015075.jpg
1565,183/015082.jpg
1566,183/015084.jpg
1567,184/015103.jpg
1568,184/015106.jpg
1569,184/015111.jpg
1570,184/015119.jpg
1571,184/015133.jpg
1572,184/015134.jpg
1573,184/015143.jpg
1574,184/015147.jpg
1575,184/015149.jpg
1576,184/015161.jpg
1577,184/015166.jpg
1578,184/015170.jpg
1579,184/015172.jpg
1580,185/015185.jpg
1581,185/015193.jpg
1582,185/015198.jpg
1583,185/015199.jpg
1584,185/015200.jpg
1585,185/015210.jpg
1586,185/015218.jpg
1587,185/015220.jpg
1588,185/015222.jpg
1589,185/015228.jpg
1590,185/015229.jpg
1591,185/015231.jpg
1592,185/015243.jpg
1593,186/015262.jpg
1594,186/015269.jpg
1595,186/015270.jpg
1596,186/015279.jpg
1597,186/015285.jpg
1598,186/015286.jpg
1599,186/015299.jpg
1600,186/015301.jpg
1601,186/015309.jpg
1602,186/015311.jpg
1603,186/015324.jpg
1604,186/015326.jpg
1605,187/015328.jpg
1606,187/015337.jpg
1607,187/015344.jpg
1608,187/015345.jpg
1609,187/015367.jpg
1610,187/015372.jpg
1611,187/015375.jpg
1612,187/015381.jpg
1613,187/015396.jpg
1614,187/015398.jpg
1615,187/015408.jpg
1616,187/015409.jpg
1617,187/015414.jpg
1618,188/015417.jpg
1619,188/015427.jpg
1620,188/015429.jpg
1621,188/015430.jpg
1622,188/015434.jpg
1623,188/015438.jpg
1624,188/015446.jpg
1625,188/015457.jpg
1626,188/015460.jpg
1627,188/015463.jpg
1628,188/015469.jpg
1629,188/015473.jpg
1630,188/015476.jpg
1631,188/015478.jpg
1632,188/015479.jpg
1633,188/015481.jpg
1634,188/015491.jpg
1635,188/015498.jpg
1636,189/015503.jpg
1637,189/015508.jpg
1638,189/015511.jpg
1639,189/015512.jpg
1640,189/015513.jpg
1641,189/015515.jpg
1642,189/015517.jpg
1643,189/015522.jpg
1644,189/015524.jpg
1645,189/015528.jpg
1646,189/015531.jpg
1647,189/015532.jpg
1648,189/015533.jpg
1649,189/015537.jpg
1650,189/015539.jpg
1651,189/015546.jpg
1652,189/015549.jpg
1653,189/015550.jpg
1654,189/015553.jpg
1655,189/015559.jpg
1656,189/015561.jpg
1657,189/015564.jpg
1658,189/015567.jpg
1659,189/015571.jpg
1660,189/015572.jpg
1661,189/015580.jpg
1662,189/015582.jpg
1663,19/001475.jpg
1664,19/001477.jpg
1665,19/001482.jpg
1666,19/001487.jpg
1667,19/001493.jpg
1668,19/001498.jpg
1669,19/001499.jpg
1670,19/001504.jpg
1671,19/001515.jpg
1672,19/001531.jpg
1673,19/001532.jpg
1674,19/001537.jpg
1675,19/001540.jpg
1676,190/015592.jpg
1677,190/015601.jpg
1678,190/015603.jpg
1679,190/015604.jpg
1680,190/015611.jpg
1681,190/015614.jpg
1682,190/015615.jpg
1683,190/015625.jpg
1684,190/015628.jpg
1685,190/015629.jpg
1686,190/015630.jpg
1687,190/015638.jpg
1688,190/015640.jpg
1689,190/015642.jpg
1690,190/015645.jpg
1691,190/015646.jpg
1692,190/015647.jpg
1693,190/015648.jpg
1694,190/015654.jpg
1695,190/015657.jpg
1696,190/015659.jpg
1697,190/015666.jpg
1698,191/015669.jpg
1699,191/015675.jpg
1700,191/015689.jpg
1701,191/015698.jpg
1702,191/015701.jpg
1703,191/015703.jpg
1704,191/015712.jpg
1705,191/015718.jpg
1706,191/015721.jpg
1707,191/015722.jpg
1708,191/015726.jpg
1709,191/015736.jpg
1710,191/015739.jpg
1711,191/015742.jpg
1712,191/015746.jpg
1713,191/015749.jpg
1714,191/015751.jpg
1715,191/015754.jpg
1716,191/015759.jpg
1717,191/015760.jpg
1718,192/015769.jpg
1719,192/015771.jpg
1720,192/015783.jpg
1721,192/015793.jpg
1722,192/015800.jpg
1723,192/015818.jpg
1724,192/015824.jpg
1725,192/015839.jpg
1726,192/015842.jpg
1727,193/015853.jpg
1728,193/015854.jpg
1729,193/015860.jpg
1730,193/015864.jpg
1731,193/015871.jpg
1732,193/015874.jpg
1733,193/015878.jpg
1734,193/015884.jpg
1735,193/015898.jpg
1736,193/015900.jpg
1737,193/015903.jpg
1738,193/015914.jpg
1739,193/015924.jpg
1740,194/015933.jpg
1741,194/015937.jpg
1742,194/015939.jpg
1743,194/015948.jpg
1744,194/015954.jpg
1745,194/015955.jpg
1746,194/015956.jpg
1747,194/015962.jpg
1748,194/015963.jpg
1749,194/015965.jpg
1750,194/015969.jpg
1751,194/015972.jpg
1752,194/015973.jpg
1753,194/015986.jpg
1754,194/015989.jpg
1755,194/015992.jpg
1756,194/015993.jpg
1757,194/015996.jpg
1758,194/016003.jpg
1759,194/016008.jpg
1760,194/016011.jpg
1761,194/016019.jpg
1762,195/016020.jpg
1763,195/016025.jpg
1764,195/016027.jpg
1765,195/016030.jpg
1766,195/016035.jpg
1767,195/016049.jpg
1768,195/016050.jpg
1769,195/016054.jpg
1770,195/016071.jpg
1771,195/016078.jpg
1772,195/016081.jpg
1773,195/016086.jpg
1774,195/016095.jpg
1775,195/016097.jpg
1776,195/016102.jpg
1777,196/016116.jpg
1778,196/016127.jpg
1779,196/016128.jpg
1780,196/016129.jpg
1781,196/016130.jpg
1782,196/016135.jpg
1783,196/016141.jpg
1784,196/016156.jpg
1785,196/016169.jpg
1786,196/016170.jpg
1787,196/016171.jpg
1788,196/016178.jpg
1789,2/000094.jpg
1790,2/000097.jpg
1791,2/000111.jpg
1792,2/000115.jpg
1793,2/000117.jpg
1794,2/000128.jpg
1795,2/000133.jpg
1796,2/000141.jpg
1797,20/001549.jpg
1798,20/001554.jpg
1799,20/001557.jpg
1800,20/001574.jpg
1801,20/001575.jpg
1802,20/001577.jpg
1803,20/001578.jpg
1804,20/001583.jpg
1805,20/001584.jpg
1806,20/001596.jpg
1807,20/001606.jpg
1808,20/001607.jpg
1809,20/001624.jpg
1810,20/001626.jpg
1811,20/001636.jpg
1812,21/001638.jpg
1813,21/001641.jpg
1814,21/001652.jpg
1815,21/001653.jpg
1816,21/001661.jpg
1817,21/001662.jpg
1818,21/001664.jpg
1819,21/001672.jpg
1820,21/001675.jpg
1821,21/001686.jpg
1822,21/001691.jpg
1823,21/001695.jpg
1824,21/001699.jpg
1825,21/001706.jpg
1826,21/001708.jpg
1827,21/001709.jpg
1828,21/001710.jpg
1829,21/001718.jpg
1830,21/001720.jpg
1831,21/001721.jpg
1832,22/001724.jpg
1833,22/001727.jpg
1834,22/001731.jpg
1835,22/001732.jpg
1836,22/001735.jpg
1837,22/001739.jpg
1838,22/001740.jpg
1839,22/001745.jpg
1840,22/001747.jpg
1841,22/001755.jpg
1842,22/001756.jpg
1843,22/001763.jpg
1844,22/001771.jpg
1845,22/001775.jpg
1846,22/001795.jpg
1847,22/001797.jpg
1848,22/001798.jpg
1849,22/001803.jpg
1850,23/001812.jpg
1851,23/001813.jpg
1852,23/001824.jpg
1853,23/001832.jpg
1854,23/001833.jpg
1855,23/001836.jpg
1856,23/001843.jpg
1857,23/001851.jpg
1858,23/001858.jpg
1859,23/001860.jpg
1860,23/001869.jpg
1861,23/001872.jpg
1862,23/001879.jpg
1863,23/001880.jpg
1864,23/001885.jpg
1865,24/001887.jpg
1866,24/001904.jpg
1867,24/001907.jpg
1868,24/001910.jpg
1869,24/001913.jpg
1870,24/001919.jpg
1871,24/001921.jpg
1872,24/001923.jpg
1873,24/001929.jpg
1874,24/001930.jpg
1875,24/001933.jpg
1876,24/001936.jpg
1877,24/001937.jpg
1878,24/001943.jpg
1879,24/001944.jpg
1880,24/001946.jpg
1881,24/001949.jpg
1882,24/001951.jpg
1883,24/001960.jpg
1884,24/001961.jpg
1885,24/001962.jpg
1886,24/001965.jpg
1887,24/001973.jpg
1888,24/001975.jpg
1889,25/001980.jpg
1890,25/001983.jpg
1891,25/002005.jpg
1892,25/002012.jpg
1893,25/002017.jpg
1894,25/002021.jpg
1895,25/002028.jpg
1896,25/002042.jpg
1897,25/002048.jpg
1898,25/002049.jpg
1899,26/002061.jpg
1900,26/002065.jpg
1901,26/002080.jpg
1902,26/002083.jpg
1903,26/002084.jpg
1904,26/002086.jpg
1905,26/002092.jpg
1906,26/002094.jpg
1907,26/002096.jpg
1908,26/002099.jpg
1909,26/002107.jpg
1910,26/002110.jpg
1911,26/002111.jpg
1912,26/002112.jpg
1913,26/002113.jpg
1914,27/002123.jpg
1915,27/002137.jpg
1916,27/002140.jpg
1917,27/002145.jpg
1918,27/002146.jpg
1919,27/002152.jpg
1920,27/002154.jpg
1921,27/002158.jpg
1922,27/002175.jpg
1923,27/002183.jpg
1924,27/002185.jpg
1925,28/002195.jpg
1926,28/002200.jpg
1927,28/002207.jpg
1928,28/002211.jpg
1929,28/002213.jpg
1930,28/002215.jpg
1931,28/002219.jpg
1932,28/002226.jpg
1933,28/002230.jpg
1934,28/002240.jpg
1935,28/002249.jpg
1936,28/002252.jpg
1937,28/002260.jpg
1938,28/002269.jpg
1939,29/002277.jpg
1940,29/002278.jpg
1941,29/002285.jpg
1942,29/002287.jpg
1943,29/002293.jpg
1944,29/002294.jpg
1945,29/002298.jpg
1946,29/002307.jpg
1947,29/002312.jpg
1948,29/002315.jpg
1949,29/002321.jpg
1950,29/002322.jpg
1951,29/002324.jpg
1952,29/002332.jpg
1953,29/002335.jpg
1954,29/002349.jpg
1955,29/002353.jpg
1956,29/002357.jpg
1957,29/002359.jpg
1958,3/000157.jpg
1959,3/000162.jpg
1960,3/000169.jpg
1961,3/000172.jpg
1962,3/000175.jpg
1963,3/000187.jpg
1964,3/000190.jpg
1965,3/000193.jpg
1966,3/000196.jpg
1967,3/000203.jpg
1968,3/000204.jpg
1969,3/000214.jpg
1970,3/000215.jpg
1971,3/000217.jpg
1972,3/000224.jpg
1973,3/000226.jpg
1974,3/000227.jpg
1975,3/000233.jpg
1976,3/000239.jpg
1977,30/002362.jpg
1978,30/002366.jpg
1979,30/002367.jpg
1980,30/002370.jpg
1981,30/002371.jpg
1982,30/002373.jpg
1983,30/002379.jpg
1984,30/002380.jpg
1985,30/002384.jpg
1986,30/002390.jpg
1987,30/002394.jpg
1988,30/002396.jpg
1989,30/002397.jpg
1990,30/002399.jpg
1991,30/002402.jpg
1992,30/002403.jpg
1993,30/002407.jpg
1994,30/002412.jpg
1995,30/002415.jpg
1996,30/002418.jpg
1997,30/002423.jpg
1998,30/002426.jpg
1999,30/002428.jpg
2000,30/002443.jpg
2001,31/002444.jpg
2002,31/002454.jpg
2003,31/002460.jpg
2004,31/002461.jpg
2005,31/002465.jpg
2006,31/002467.jpg
2007,31/002468.jpg
2008,31/002472.jpg
2009,31/002493.jpg
2010,31/002502.jpg
2011,31/002506.jpg
2012,31/002512.jpg
2013,31/002516.jpg
2014,31/002520.jpg
2015,31/002522.jpg
2016,31/002530.jpg
2017,32/002534.jpg
2018,32/002537.jpg
2019,32/002550.jpg
2020,32/002554.jpg
2021,32/002556.jpg
2022,32/002561.jpg
2023,32/002570.jpg
2024,32/002571.jpg
2025,32/002572.jpg
2026,32/002574.jpg
2027,32/002599.jpg
2028,32/002601.jpg
2029,32/002608.jpg
2030,32/002612.jpg
2031,32/002613.jpg
2032,33/002616.jpg
2033,33/002619.jpg
2034,33/002633.jpg
2035,33/002636.jpg
2036,33/002638.jpg
2037,33/002649.jpg
2038,33/002659.jpg
2039,33/002674.jpg
2040,33/002683.jpg
2041,33/002692.jpg
2042,33/002695.jpg
2043,33/002697.jpg
2044,34/002700.jpg
2045,34/002701.jpg
2046,34/002706.jpg
2047,34/002707.jpg
2048,34/002710.jpg
2049,34/002719.jpg
2050,34/002721.jpg
2051,34/002725.jpg
2052,34/002737.jpg
2053,34/002744.jpg
2054,34/002769.jpg
2055,34/002777.jpg
2056,34/002779.jpg
2057,34/002782.jpg
2058,34/002786.jpg
2059,35/002790.jpg
2060,35/002805.jpg
2061,35/002815.jpg
2062,35/002817.jpg
2063,35/002819.jpg
2064,35/002827.jpg
2065,35/002834.jpg
2066,35/002838.jpg
2067,35/002844.jpg
2068,35/002848.jpg
2069,35/002850.jpg
2070,35/002855.jpg
2071,35/002859.jpg
2072,36/002870.jpg
2073,36/002873.jpg
2074,36/002876.jpg
2075,36/002879.jpg
2076,36/002881.jpg
2077,36/002886.jpg
2078,36/002895.jpg
2079,36/002897.jpg
2080,36/002899.jpg
2081,36/002900.jpg
2082,36/002905.jpg
2083,36/002908.jpg
2084,36/002909.jpg
2085,36/002912.jpg
2086,36/002916.jpg
2087,36/002921.jpg
2088,36/002922.jpg
2089,36/002925.jpg
2090,36/002928.jpg
2091,36/002931.jpg
2092,36/002945.jpg
2093,36/002947.jpg
2094,37/002952.jpg
2095,37/002959.jpg
2096,37/002961.jpg
2097,37/002970.jpg
2098,37/002979.jpg
2099,37/002980.jpg
2100,37/002984.jpg
2101,37/002985.jpg
2102,37/002986.jpg
2103,37/002995.jpg
2104,37/002996.jpg
2105,37/003003.jpg
2106,37/003004.jpg
2107,37/003013.jpg
2108,37/003017.jpg
2109,37/003018.jpg
2110,37/003019.jpg
2111,37/003022.jpg
2112,37/003024.jpg
2113,37/003028.jpg
2114,38/003035.jpg
2115,38/003036.jpg
2116,38/003037.jpg
2117,38/003041.jpg
2118,38/003044.jpg
2119,38/003045.jpg
2120,38/003048.jpg
2121,38/003052.jpg
2122,38/003054.jpg
2123,38/003055.jpg
2124,38/003073.jpg
2125,38/003074.jpg
2126,38/003080.jpg
2127,38/003088.jpg
2128,38/003089.jpg
2129,38/003091.jpg
2130,38/003097.jpg
2131,38/003108.jpg
2132,38/003109.jpg
2133,39/003112.jpg
2134,39/003114.jpg
2135,39/003118.jpg
2136,39/003119.jpg
2137,39/003124.jpg
2138,39/003126.jpg
2139,39/003127.jpg
2140,39/003128.jpg
2141,39/003134.jpg
2142,39/003139.jpg
2143,39/003148.jpg
2144,39/003156.jpg
2145,39/003158.jpg
2146,39/003165.jpg
2147,39/003171.jpg
2148,39/003172.jpg
2149,4/000243.jpg
2150,4/000248.jpg
2151,4/000251.jpg
2152,4/000253.jpg
2153,4/000256.jpg
2154,4/000266.jpg
2155,4/000271.jpg
2156,4/000275.jpg
2157,4/000281.jpg
2158,4/000282.jpg
2159,4/000286.jpg
2160,4/000290.jpg
2161,4/000299.jpg
2162,4/000301.jpg
2163,4/000313.jpg
2164,4/000317.jpg
2165,4/000320.jpg
2166,4/000323.jpg
2167,40/003198.jpg
2168,40/003200.jpg
2169,40/003207.jpg
2170,40/003209.jpg
2171,40/003217.jpg
2172,40/003223.jpg
2173,40/003225.jpg
2174,40/003235.jpg
2175,40/003236.jpg
2176,40/003249.jpg
2177,41/003264.jpg
2178,41/003270.jpg
2179,41/003284.jpg
2180,41/003293.jpg
2181,41/003313.jpg
2182,41/003316.jpg
2183,41/003323.jpg
2184,41/003324.jpg
2185,42/003333.jpg
2186,42/003337.jpg
2187,42/003344.jpg
2188,42/003352.jpg
2189,42/003357.jpg
2190,42/003362.jpg
2191,42/003384.jpg
2192,42/003387.jpg
2193,42/003388.jpg
2194,42/003389.jpg
2195,42/003392.jpg
2196,42/003394.jpg
2197,42/003396.jpg
2198,42/003398.jpg
2199,43/003411.jpg
2200,43/003422.jpg
2201,43/003428.jpg
2202,43/003431.jpg
2203,43/003434.jpg
2204,43/003438.jpg
2205,43/003454.jpg
2206,43/003457.jpg
2207,43/003458.jpg
2208,43/003460.jpg
2209,43/003465.jpg
2210,43/003478.jpg
2211,43/003479.jpg
2212,43/003482.jpg
2213,43/003491.jpg
2214,44/003497.jpg
2215,44/003511.jpg
2216,44/003512.jpg
2217,44/003522.jpg
2218,44/003524.jpg
2219,44/003526.jpg
2220,44/003527.jpg
2221,44/003528.jpg
2222,44/003529.jpg
2223,44/003539.jpg
2224,44/003541.jpg
2225,44/003552.jpg
2226,44/003559.jpg
2227,44/003560.jpg
2228,44/003564.jpg
2229,44/003572.jpg
2230,44/003576.jpg
2231,44/003581.jpg
2232,45/003589.jpg
2233,45/003591.jpg
2234,45/003597.jpg
2235,45/003598.jpg
2236,45/003607.jpg
2237,45/003609.jpg
2238,45/003614.jpg
2239,45/003616.jpg
2240,45/003617.jpg
2241,45/003618.jpg
2242,45/003624.jpg
2243,45/003635.jpg
2244,45/003637.jpg
2245,45/003640.jpg
2246,45/003644.jpg
2247,46/003655.jpg
2248,46/003664.jpg
2249,46/003665.jpg
2250,46/003672.jpg
2251,46/003674.jpg
2252,46/003676.jpg
2253,46/003687.jpg
2254,46/003689.jpg
2255,46/003696.jpg
2256,46/003701.jpg
2257,46/003705.jpg
2258,46/003710.jpg
2259,46/003713.jpg
2260,46/003715.jpg
2261,46/003720.jpg
2262,46/003724.jpg
2263,46/003726.jpg
2264,46/003728.jpg
2265,46/003733.jpg
2266,47/003734.jpg
2267,47/003742.jpg
2268,47/003744.jpg
2269,47/003756.jpg
2270,47/003758.jpg
2271,47/003762.jpg
2272,47/003764.jpg
2273,47/003765.jpg
2274,47/003768.jpg
2275,47/003769.jpg
2276,47/003778.jpg
2277,47/003780.jpg
2278,47/003784.jpg
2279,47/003788.jpg
2280,47/003790.jpg
2281,47/003792.jpg
2282,48/003804.jpg
2283,48/003808.jpg
2284,48/003811.jpg
2285,48/003815.jpg
2286,48/003820.jpg
2287,48/003822.jpg
2288,48/003827.jpg
2289,48/003828.jpg
2290,48/003833.jpg
2291,48/003836.jpg
2292,48/003838.jpg
2293,48/003846.jpg
2294,48/003853.jpg
2295,48/003854.jpg
2296,48/003861.jpg
2297,48/003873.jpg
2298,48/003875.jpg
2299,48/003887.jpg
2300,49/003889.jpg
2301,49/003898.jpg
2302,49/003903.jpg
2303,49/003906.jpg
2304,49/003907.jpg
2305,49/003910.jpg
2306,49/003915.jpg
2307,49/003921.jpg
2308,49/003925.jpg
2309,49/003927.jpg
2310,49/003928.jpg
2311,49/003929.jpg
2312,49/003941.jpg
2313,49/003959.jpg
2314,5/000324.jpg
2315,5/000325.jpg
2316,5/000334.jpg
2317,5/000343.jpg
2318,5/000345.jpg
2319,5/000351.jpg
2320,5/000353.jpg
2321,5/000362.jpg
2322,5/000364.jpg
2323,5/000367.jpg
2324,5/000371.jpg
2325,5/000379.jpg
2326,5/000388.jpg
2327,5/000393.jpg
2328,5/000395.jpg
2329,50/003970.jpg
2330,50/003973.jpg
2331,50/003975.jpg
2332,50/003978.jpg
2333,50/003979.jpg
2334,50/003986.jpg
2335,50/003987.jpg
2336,50/003993.jpg
2337,50/004002.jpg
2338,50/004007.jpg
2339,50/004023.jpg
2340,50/004043.jpg
2341,50/004044.jpg
2342,51/004050.jpg
2343,51/004055.jpg
2344,51/004059.jpg
2345,51/004063.jpg
2346,51/004069.jpg
2347,51/004074.jpg
2348,51/004085.jpg
2349,51/004086.jpg
2350,51/004091.jpg
2351,51/004093.jpg
2352,51/004100.jpg
2353,51/004102.jpg
2354,51/004116.jpg
2355,51/004125.jpg
2356,51/004127.jpg
2357,51/004133.jpg
2358,52/004143.jpg
2359,52/004148.jpg
2360,52/004151.jpg
2361,52/004157.jpg
2362,52/004163.jpg
2363,52/004164.jpg
2364,52/004172.jpg
2365,52/004180.jpg
2366,52/004181.jpg
2367,52/004182.jpg
2368,52/004185.jpg
2369,52/004188.jpg
2370,52/004189.jpg
2371,52/004191.jpg
2372,52/004197.jpg
2373,52/004201.jpg
2374,52/004203.jpg
2375,52/004210.jpg
2376,52/004212.jpg
2377,52/004215.jpg
2378,53/004217.jpg
2379,53/004224.jpg
2380,53/004233.jpg
2381,53/004236.jpg
2382,53/004258.jpg
2383,53/004259.jpg
2384,53/004265.jpg
2385,53/004274.jpg
2386,53/004279.jpg
2387,53/004296.jpg
2388,53/004298.jpg
2389,53/004301.jpg
2390,54/004305.jpg
2391,54/004317.jpg
2392,54/004322.jpg
2393,54/004329.jpg
2394,54/004330.jpg
2395,54/004336.jpg
2396,54/004338.jpg
2397,54/004345.jpg
2398,54/004346.jpg
2399,54/004352.jpg
2400,54/004353.jpg
2401,54/004358.jpg
2402,54/004360.jpg
2403,54/004361.jpg
2404,54/004362.jpg
2405,54/004365.jpg
2406,54/004366.jpg
2407,54/004377.jpg
2408,54/004380.jpg
2409,54/004383.jpg
2410,55/004394.jpg
2411,55/004397.jpg
2412,55/004406.jpg
2413,55/004410.jpg
2414,55/004417.jpg
2415,55/004422.jpg
2416,55/004438.jpg
2417,55/004441.jpg
2418,55/004446.jpg
2419,55/004447.jpg
2420,55/004458.jpg
2421,55/004460.jpg
2422,56/004465.jpg
2423,56/004472.jpg
2424,56/004477.jpg
2425,56/004480.jpg
2426,56/004484.jpg
2427,56/004492.jpg
2428,56/004493.jpg
2429,56/004496.jpg
2430,56/004499.jpg
2431,56/004500.jpg
2432,56/004501.jpg
2433,56/004502.jpg
2434,56/004506.jpg
2435,56/004516.jpg
2436,56/004519.jpg
2437,56/004521.jpg
2438,56/004534.jpg
2439,56/004535.jpg
2440,56/004537.jpg
2441,56/004545.jpg
2442,56/004553.jpg
2443,57/004600.jpg
2444,57/004601.jpg
2445,57/004617.jpg
2446,57/004622.jpg
2447,57/004631.jpg
2448,58/004632.jpg
2449,58/004637.jpg
2450,58/004639.jpg
2451,58/004641.jpg
2452,58/004643.jpg
2453,58/004646.jpg
2454,58/004648.jpg
2455,58/004649.jpg
2456,58/004675.jpg
2457,58/004676.jpg
2458,58/004680.jpg
2459,58/004692.jpg
2460,58/004695.jpg
2461,58/004700.jpg
2462,58/004704.jpg
2463,58/004716.jpg
2464,58/004717.jpg
2465,59/004725.jpg
2466,59/004729.jpg
2467,59/004732.jpg
2468,59/004741.jpg
2469,59/004743.jpg
2470,59/004746.jpg
2471,59/004747.jpg
2472,59/004752.jpg
2473,59/004753.jpg
2474,59/004754.jpg
2475,59/004756.jpg
2476,59/004757.jpg
2477,59/004762.jpg
2478,59/004773.jpg
2479,59/004776.jpg
2480,59/004782.jpg
2481,59/004794.jpg
2482,59/004797.jpg
2483,59/004799.jpg
2484,59/004802.jpg
2485,59/004805.jpg
2486,6/000415.jpg
2487,6/000416.jpg
2488,6/000421.jpg
2489,6/000424.jpg
2490,6/000425.jpg
2491,6/000428.jpg
2492,6/000432.jpg
2493,6/000436.jpg
2494,6/000437.jpg
2495,6/000439.jpg
2496,6/000442.jpg
2497,6/000444.jpg
2498,6/000452.jpg
2499,6/000453.jpg
2500,6/000456.jpg
2501,6/000457.jpg
2502,6/000462.jpg
2503,6/000469.jpg
2504,6/000474.jpg
2505,6/000475.jpg
2506,6/000477.jpg
2507,6/000479.jpg
2508,60/004810.jpg
2509,60/004822.jpg
2510,60/004826.jpg
2511,60/004836.jpg
2512,60/004841.jpg
2513,60/004852.jpg
2514,60/004856.jpg
2515,60/004858.jpg
2516,60/004859.jpg
2517,60/004863.jpg
2518,60/004871.jpg
2519,60/004877.jpg
2520,61/004883.jpg
2521,61/004884.jpg
2522,61/004888.jpg
2523,61/004893.jpg
2524,61/004898.jpg
2525,61/004902.jpg
2526,61/004905.jpg
2527,61/004908.jpg
2528,61/004922.jpg
2529,61/004923.jpg
2530,61/004926.jpg
2531,61/004936.jpg
2532,61/004938.jpg
2533,61/004942.jpg
2534,61/004950.jpg
2535,61/004953.jpg
2536,61/004963.jpg
2537,61/004965.jpg
2538,61/004967.jpg
2539,62/004968.jpg
2540,62/004974.jpg
2541,62/004976.jpg
2542,62/004988.jpg
2543,62/004998.jpg
2544,62/005004.jpg
2545,62/005005.jpg
2546,62/005011.jpg
2547,62/005012.jpg
2548,62/005018.jpg
2549,62/005023.jpg
2550,62/005024.jpg
2551,62/005026.jpg
2552,62/005032.jpg
2553,63/005051.jpg
2554,63/005052.jpg
2555,63/005063.jpg
2556,63/005064.jpg
2557,63/005066.jpg
2558,63/005071.jpg
2559,63/005076.jpg
2560,63/005077.jpg
2561,63/005079.jpg
2562,63/005086.jpg
2563,63/005090.jpg
2564,63/005094.jpg
2565,63/005101.jpg
2566,63/005103.jpg
2567,63/005107.jpg
2568,63/005108.jpg
2569,63/005109.jpg
2570,63/005115.jpg
2571,63/005118.jpg
2572,63/005124.jpg
2573,63/005127.jpg
2574,63/005128.jpg
2575,64/005136.jpg
2576,64/005146.jpg
2577,64/005152.jpg
2578,64/005158.jpg
2579,64/005166.jpg
2580,64/005180.jpg
2581,64/005183.jpg
2582,65/005191.jpg
2583,65/005194.jpg
2584,65/005197.jpg
2585,65/005199.jpg
2586,65/005210.jpg
2587,65/005213.jpg
2588,65/005215.jpg
2589,65/005224.jpg
2590,65/005226.jpg
2591,65/005230.jpg
2592,65/005235.jpg
2593,65/005238.jpg
2594,65/005241.jpg
2595,65/005248.jpg
2596,65/005254.jpg
2597,65/005256.jpg
2598,65/005258.jpg
2599,65/005265.jpg
2600,65/005266.jpg
2601,65/005270.jpg
2602,65/005271.jpg
2603,65/005274.jpg
2604,65/005278.jpg
2605,66/005290.jpg
2606,66/005297.jpg
2607,66/005304.jpg
2608,66/005320.jpg
2609,66/005321.jpg
2610,66/005323.jpg
2611,66/005324.jpg
2612,66/005329.jpg
2613,66/005332.jpg
2614,66/005333.jpg
2615,66/005343.jpg
2616,66/005344.jpg
2617,66/005347.jpg
2618,66/005355.jpg
2619,67/005367.jpg
2620,67/005368.jpg
2621,67/005374.jpg
2622,67/005380.jpg
2623,67/005384.jpg
2624,67/005387.jpg
2625,67/005388.jpg
2626,67/005390.jpg
2627,67/005392.jpg
2628,67/005401.jpg
2629,67/005413.jpg
2630,67/005416.jpg
2631,67/005421.jpg
2632,67/005422.jpg
2633,67/005423.jpg
2634,67/005424.jpg
2635,67/005428.jpg
2636,67/005429.jpg
2637,67/005430.jpg
2638,67/005436.jpg
2639,68/005444.jpg
2640,68/005445.jpg
2641,68/005451.jpg
2642,68/005454.jpg
2643,68/005456.jpg
2644,68/005457.jpg
2645,68/005463.jpg
2646,68/005464.jpg
2647,68/005466.jpg
2648,68/005476.jpg
2649,68/005479.jpg
2650,68/005481.jpg
2651,68/005489.jpg
2652,68/005493.jpg
2653,68/005496.jpg
2654,68/005499.jpg
2655,68/005506.jpg
2656,68/005508.jpg
2657,68/005513.jpg
2658,68/005516.jpg
2659,69/005523.jpg
2660,69/005532.jpg
2661,69/005540.jpg
2662,69/005545.jpg
2663,69/005560.jpg
2664,69/005572.jpg
2665,69/005580.jpg
2666,69/005589.jpg
2667,69/005591.jpg
2668,7/000495.jpg
2669,7/000505.jpg
2670,7/000513.jpg
2671,7/000532.jpg
2672,7/000536.jpg
2673,7/000538.jpg
2674,7/000539.jpg
2675,7/000542.jpg
2676,7/000544.jpg
2677,7/000546.jpg
2678,7/000556.jpg
2679,7/000568.jpg
2680,7/000569.jpg
2681,70/005604.jpg
2682,70/005605.jpg
2683,70/005606.jpg
2684,70/005608.jpg
2685,70/005611.jpg
2686,70/005620.jpg
2687,70/005622.jpg
2688,70/005624.jpg
2689,70/005628.jpg
2690,70/005631.jpg
2691,70/005632.jpg
2692,70/005636.jpg
2693,70/005637.jpg
2694,70/005638.jpg
2695,70/005642.jpg
2696,70/005645.jpg
2697,70/005659.jpg
2698,70/005662.jpg
2699,70/005666.jpg
2700,71/005689.jpg
2701,71/005695.jpg
2702,71/005696.jpg
2703,71/005705.jpg
2704,71/005707.jpg
2705,71/005716.jpg
2706,71/005722.jpg
2707,71/005723.jpg
2708,71/005725.jpg
2709,71/005730.jpg
2710,71/005731.jpg
2711,71/005732.jpg
2712,71/005736.jpg
2713,71/005740.jpg
2714,71/005743.jpg
2715,71/005748.jpg
2716,72/005764.jpg
2717,72/005765.jpg
2718,72/005769.jpg
2719,72/005776.jpg
2720,72/005777.jpg
2721,72/005785.jpg
2722,72/005789.jpg
2723,72/005792.jpg
2724,72/005823.jpg
2725,72/005824.jpg
2726,72/005827.jpg
2727,72/005832.jpg
2728,72/005837.jpg
2729,73/005846.jpg
2730,73/005847.jpg
2731,73/005849.jpg
2732,73/005851.jpg
2733,73/005852.jpg
2734,73/005853.jpg
2735,73/005856.jpg
2736,73/005859.jpg
2737,73/005861.jpg
2738,73/005867.jpg
2739,73/005872.jpg
2740,73/005882.jpg
2741,73/005886.jpg
2742,73/005890.jpg
2743,73/005895.jpg
2744,73/005899.jpg
2745,73/005901.jpg
2746,73/005912.jpg
2747,73/005914.jpg
2748,73/005917.jpg
2749,73/005920.jpg
2750,74/005931.jpg
2751,74/005933.jpg
2752,74/005934.jpg
2753,74/005935.jpg
2754,74/005938.jpg
2755,74/005939.jpg
2756,74/005940.jpg
2757,74/005943.jpg
2758,74/005945.jpg
2759,74/005946.jpg
2760,74/005947.jpg
2761,74/005950.jpg
2762,74/005961.jpg
2763,74/005962.jpg
2764,74/005964.jpg
2765,74/005965.jpg
2766,74/005966.jpg
2767,74/005972.jpg
2768,74/005983.jpg
2769,74/005988.jpg
2770,74/005990.jpg
2771,74/005991.jpg
2772,74/005994.jpg
2773,74/005999.jpg
2774,74/006003.jpg
2775,74/006005.jpg
2776,75/006016.jpg
2777,75/006029.jpg
2778,75/006034.jpg
2779,75/006036.jpg
2780,75/006037.jpg
2781,75/006040.jpg
2782,75/006049.jpg
2783,75/006050.jpg
2784,75/006054.jpg
2785,75/006055.jpg
2786,75/006058.jpg
2787,75/006060.jpg
2788,75/006063.jpg
2789,75/006068.jpg
2790,75/006075.jpg
2791,75/006089.jpg
2792,75/006091.jpg
2793,76/006104.jpg
2794,76/006105.jpg
2795,76/006107.jpg
2796,76/006110.jpg
2797,76/006113.jpg
2798,76/006115.jpg
2799,76/006116.jpg
2800,76/006117.jpg
2801,76/006120.jpg
2802,76/006121.jpg
2803,76/006139.jpg
2804,76/006141.jpg
2805,76/006144.jpg
2806,76/006160.jpg
2807,76/006165.jpg
2808,76/006175.jpg
2809,76/006179.jpg
2810,76/006183.jpg
2811,77/006191.jpg
2812,77/006193.jpg
2813,77/006203.jpg
2814,77/006207.jpg
2815,77/006210.jpg
2816,77/006219.jpg
2817,77/006227.jpg
2818,77/006231.jpg
2819,77/006232.jpg
2820,77/006244.jpg
2821,77/006249.jpg
2822,77/006254.jpg
2823,77/006259.jpg
2824,78/006274.jpg
2825,78/006276.jpg
2826,78/006278.jpg
2827,78/006281.jpg
2828,78/006288.jpg
2829,78/006290.jpg
2830,78/006292.jpg
2831,78/006293.jpg
2832,78/006294.jpg
2833,78/006295.jpg
2834,78/006296.jpg
2835,78/006302.jpg
2836,78/006307.jpg
2837,78/006317.jpg
2838,78/006318.jpg
2839,78/006319.jpg
2840,78/006324.jpg
2841,78/006327.jpg
2842,78/006331.jpg
2843,79/006347.jpg
2844,79/006351.jpg
2845,79/006355.jpg
2846,79/006361.jpg
2847,79/006362.jpg
2848,79/006365.jpg
2849,79/006366.jpg
2850,79/006369.jpg
2851,79/006374.jpg
2852,79/006378.jpg
2853,79/006380.jpg
2854,79/006384.jpg
2855,79/006385.jpg
2856,79/006387.jpg
2857,79/006390.jpg
2858,79/006393.jpg
2859,79/006407.jpg
2860,79/006418.jpg
2861,79/006422.jpg
2862,79/006426.jpg
2863,79/006436.jpg
2864,79/006438.jpg
2865,8/000572.jpg
2866,8/000574.jpg
2867,8/000575.jpg
2868,8/000579.jpg
2869,8/000580.jpg
2870,8/000581.jpg
2871,8/000582.jpg
2872,8/000589.jpg
2873,8/000591.jpg
2874,8/000598.jpg
2875,8/000605.jpg
2876,8/000608.jpg
2877,8/000610.jpg
2878,8/000612.jpg
2879,8/000617.jpg
2880,8/000622.jpg
2881,8/000628.jpg
2882,8/000629.jpg
2883,8/000630.jpg
2884,8/000637.jpg
2885,8/000643.jpg
2886,8/000649.jpg
2887,8/000650.jpg
2888,8/000659.jpg
2889,80/006453.jpg
2890,80/006461.jpg
2891,80/006462.jpg
2892,80/006465.jpg
2893,80/006471.jpg
2894,80/006477.jpg
2895,80/006483.jpg
2896,80/006488.jpg
2897,80/006500.jpg
2898,80/006502.jpg
2899,80/006506.jpg
2900,80/006512.jpg
2901,80/006513.jpg
2902,81/006541.jpg
2903,81/006543.jpg
2904,81/006544.jpg
2905,81/006545.jpg
2906,81/006555.jpg
2907,81/006561.jpg
2908,81/006562.jpg
2909,81/006565.jpg
2910,81/006570.jpg
2911,81/006571.jpg
2912,81/006576.jpg
2913,81/006578.jpg
2914,81/006580.jpg
2915,81/006584.jpg
2916,81/006587.jpg
2917,81/006589.jpg
2918,81/006591.jpg
2919,81/006593.jpg
2920,81/006595.jpg
2921,81/006596.jpg
2922,81/006604.jpg
2923,81/006606.jpg
2924,81/006608.jpg
2925,81/006614.jpg
2926,81/006617.jpg
2927,82/006625.jpg
2928,82/006626.jpg
2929,82/006627.jpg
2930,82/006631.jpg
2931,82/006645.jpg
2932,82/006647.jpg
2933,82/006655.jpg
2934,82/006660.jpg
2935,82/006662.jpg
2936,82/006670.jpg
2937,82/006672.jpg
2938,82/006679.jpg
2939,82/006684.jpg
2940,82/006685.jpg
2941,82/006686.jpg
2942,82/006691.jpg
2943,82/006693.jpg
2944,82/006695.jpg
2945,82/006699.jpg
2946,82/006705.jpg
2947,82/006709.jpg
2948,83/006713.jpg
2949,83/006714.jpg
2950,83/006718.jpg
2951,83/006721.jpg
2952,83/006733.jpg
2953,83/006743.jpg
2954,83/006752.jpg
2955,83/006757.jpg
2956,83/006759.jpg
2957,83/006764.jpg
2958,83/006765.jpg
2959,83/006782.jpg
2960,83/006785.jpg
2961,84/006791.jpg
2962,84/006793.jpg
2963,84/006794.jpg
2964,84/006796.jpg
2965,84/006798.jpg
2966,84/006800.jpg
2967,84/006809.jpg
2968,84/006811.jpg
2969,84/006815.jpg
2970,84/006819.jpg
2971,84/006822.jpg
2972,84/006827.jpg
2973,84/006829.jpg
2974,84/006830.jpg
2975,84/006834.jpg
2976,84/006845.jpg
2977,84/006848.jpg
2978,84/006853.jpg
2979,84/006855.jpg
2980,84/006862.jpg
2981,84/006863.jpg
2982,84/006865.jpg
2983,84/006866.jpg
2984,84/006867.jpg
2985,85/006876.jpg
2986,85/006878.jpg
2987,85/006880.jpg
2988,85/006886.jpg
2989,85/006893.jpg
2990,85/006894.jpg
2991,85/006898.jpg
2992,85/006899.jpg
2993,85/006902.jpg
2994,85/006903.jpg
2995,85/006905.jpg
2996,85/006906.jpg
2997,85/006917.jpg
2998,85/006919.jpg
2999,85/006925.jpg
3000,85/006926.jpg
3001,85/006932.jpg
3002,85/006935.jpg
3003,85/006937.jpg
3004,85/006938.jpg
3005,85/006942.jpg
3006,85/006943.jpg
3007,85/006952.jpg
3008,85/006953.jpg
3009,85/006957.jpg
3010,85/006959.jpg
3011,86/006963.jpg
3012,86/006966.jpg
3013,86/006971.jpg
3014,86/006976.jpg
3015,86/006979.jpg
3016,86/006984.jpg
3017,86/007012.jpg
3018,86/007013.jpg
3019,86/007022.jpg
3020,86/007029.jpg
3021,86/007033.jpg
3022,86/007034.jpg
3023,86/007036.jpg
3024,86/007037.jpg
3025,86/007042.jpg
3026,87/007051.jpg
3027,87/007058.jpg
3028,87/007059.jpg
3029,87/007061.jpg
3030,87/007064.jpg
3031,87/007076.jpg
3032,87/007084.jpg
3033,87/007098.jpg
3034,87/007102.jpg
3035,87/007106.jpg
3036,87/007110.jpg
3037,88/007145.jpg
3038,88/007148.jpg
3039,88/007151.jpg
3040,88/007152.jpg
3041,88/007155.jpg
3042,88/007164.jpg
3043,88/007170.jpg
3044,88/007178.jpg
3045,88/007179.jpg
3046,88/007181.jpg
3047,88/007190.jpg
3048,88/007191.jpg
3049,88/007197.jpg
3050,88/007199.jpg
3051,88/007204.jpg
3052,89/007215.jpg
3053,89/007218.jpg
3054,89/007222.jpg
3055,89/007235.jpg
3056,89/007255.jpg
3057,89/007260.jpg
3058,89/007279.jpg
3059,89/007280.jpg
3060,89/007281.jpg
3061,89/007286.jpg
3062,89/007288.jpg
3063,89/007292.jpg
3064,89/007294.jpg
3065,89/007295.jpg
3066,89/007296.jpg
3067,9/000662.jpg
3068,9/000666.jpg
3069,9/000667.jpg
3070,9/000672.jpg
3071,9/000684.jpg
3072,9/000699.jpg
3073,9/000702.jpg
3074,9/000705.jpg
3075,9/000707.jpg
3076,9/000715.jpg
3077,9/000720.jpg
3078,9/000721.jpg
3079,9/000722.jpg
3080,9/000726.jpg
3081,9/000729.jpg
3082,9/000736.jpg
3083,90/007303.jpg
3084,90/007310.jpg
3085,90/007319.jpg
3086,90/007320.jpg
3087,90/007324.jpg
3088,90/007325.jpg
3089,90/007327.jpg
3090,90/007330.jpg
3091,90/007333.jpg
3092,90/007334.jpg
3093,90/007344.jpg
3094,90/007351.jpg
3095,90/007353.jpg
3096,90/007357.jpg
3097,90/007368.jpg
3098,90/007372.jpg
3099,91/007388.jpg
3100,91/007390.jpg
3101,91/007396.jpg
3102,91/007403.jpg
3103,91/007405.jpg
3104,91/007406.jpg
3105,91/007408.jpg
3106,91/007420.jpg
3107,91/007432.jpg
3108,91/007435.jpg
3109,91/007448.jpg
3110,91/007450.jpg
3111,91/007452.jpg
3112,91/007453.jpg
3113,91/007459.jpg
3114,92/007462.jpg
3115,92/007467.jpg
3116,92/007469.jpg
3117,92/007470.jpg
3118,92/007472.jpg
3119,92/007475.jpg
3120,92/007481.jpg
3121,92/007501.jpg
3122,92/007502.jpg
3123,92/007505.jpg
3124,92/007508.jpg
3125,92/007511.jpg
3126,92/007512.jpg
3127,92/007519.jpg
3128,92/007521.jpg
3129,92/007522.jpg
3130,92/007523.jpg
3131,92/007527.jpg
3132,92/007530.jpg
3133,92/007537.jpg
3134,93/007543.jpg
3135,93/007555.jpg
3136,93/007565.jpg
3137,93/007597.jpg
3138,93/007601.jpg
3139,93/007603.jpg
3140,93/007604.jpg
3141,93/007611.jpg
3142,93/007618.jpg
3143,94/007620.jpg
3144,94/007623.jpg
3145,94/007624.jpg
3146,94/007638.jpg
3147,94/007645.jpg
3148,94/007650.jpg
3149,94/007652.jpg
3150,94/007665.jpg
3151,94/007677.jpg
3152,94/007680.jpg
3153,94/007688.jpg
3154,94/007691.jpg
3155,94/007694.jpg
3156,94/007700.jpg
3157,94/007704.jpg
3158,94/007705.jpg
3159,95/007712.jpg
3160,95/007714.jpg
3161,95/007746.jpg
3162,95/007755.jpg
3163,95/007763.jpg
3164,95/007764.jpg
3165,95/007765.jpg
3166,95/007766.jpg
3167,95/007779.jpg
3168,95/007780.jpg
3169,95/007795.jpg
3170,95/007796.jpg
3171,96/007797.jpg
3172,96/007803.jpg
3173,96/007806.jpg
3174,96/007813.jpg
3175,96/007815.jpg
3176,96/007820.jpg
3177,96/007821.jpg
3178,96/007827.jpg
3179,96/007830.jpg
3180,96/007836.jpg
3181,96/007847.jpg
3182,96/007853.jpg
3183,96/007854.jpg
3184,96/007867.jpg
3185,97/007887.jpg
3186,97/007889.jpg
3187,97/007891.jpg
3188,97/007894.jpg
3189,97/007900.jpg
3190,97/007901.jpg
3191,97/007908.jpg
3192,97/007913.jpg
3193,97/007915.jpg
3194,97/007918.jpg
3195,97/007919.jpg
3196,97/007920.jpg
3197,97/007923.jpg
3198,97/007924.jpg
3199,97/007928.jpg
3200,97/007929.jpg
3201,97/007930.jpg
3202,97/007931.jpg
3203,97/007932.jpg
3204,97/007934.jpg
3205,97/007947.jpg
3206,97/007956.jpg
3207,98/007964.jpg
3208,98/007969.jpg
3209,98/007979.jpg
3210,98/007985.jpg
3211,98/007988.jpg
3212,98/007989.jpg
3213,98/007994.jpg
3214,98/007995.jpg
3215,98/008007.jpg
3216,98/008012.jpg
3217,98/008021.jpg
3218,98/008045.jpg
3219,98/008046.jpg
3220,98/008049.jpg
3221,98/008051.jpg
3222,98/008054.jpg
3223,99/008055.jpg
3224,99/008057.jpg
3225,99/008059.jpg
3226,99/008061.jpg
3227,99/008066.jpg
3228,99/008069.jpg
3229,99/008070.jpg
3230,99/008080.jpg
3231,99/008083.jpg
3232,99/008085.jpg
3233,99/008089.jpg
3234,99/008097.jpg
3235,99/008099.jpg
3236,99/008106.jpg
